"apmac","apsn","aptype","apname","location","regional","witel","segmen1","segmen2","locid","namasite","skemabisnis","latitude","longitude"
"0","V100R006C00SPC130","HUAWEI","WA201DK-NE","","7","MAKASSAR","","","","warkop borong 77","Paket  Wifi Station Enterprise Silver","-5.1614","119.46199"
"00:00:00:00:00:00","FGL1804S3RK","CISCO","5SB000831/01-02BI-Dp_K_511","HOTEL Singgasana Surabaya Jl. Gunungsari Surabaya 60224,-,Jawa Timur,POST CODE : 11111,504","5","SURABAYA SELATAN","","","5SB000831","HOTEL HILTON ","","",""
"00:06:F6:16:C2:93","FGL1652S7TC","CISCO","MLMLG00020/01-01BI-TIANG_OUTLET","GLORI CELL;JL. HAMID RUSDI;TIANG DEPAN OUTLET","5","MALANG","","","MLMLG00020","","BASIC","-7.970673","112.643033"
"00:06:F6:16:C2:94","FGL1652S7SX","CISCO","PDLIM00064-N/TLK-CI-125012","WMS DASLENI|Jalan RAYA ULU GADUT0 PADANG SUMBAR Indonesia","1","SUMBAR","","","PDLIM00064-N","WMS DASLENI","MS SIlver Consumer","-.92333","0"
"00:06:F6:16:C2:96","FGL1704Z7N3","CISCO","DIS_3BD000997/3BD-LBG0201-5268BI","KEPOLISIAN REPULIK INDONESIA JAWA BARAT;JL.SOEKARNO HATTA 748;R.STAF SUB DIT IT","3","BANDUNG","INSTITUSI","KEPOLISIAN","DIS_3BD000997","","BASIC","",""
"00:06:F6:16:C2:98","FGL1652S7Y9","CISCO","RSK_PBRARK00089/02-02AI-Dp-R_Lab","Sekolah Tinggi Ilmu Farmasi Riau Jl. Kamboja, Simpang Baru-Panam, Pekanbaru,-,Riau,POST CODE : 11111,151","1","RIDAR","PENDIDIKAN","UNIVERSITAS","RSK_PBRARK00089","","BASIC","",""
"00:06:F6:16:C2:9B","FGL1652S7T0","CISCO","PBRBKR00220-N/TLK-CI-97056","WMS MUHAMAD RIVALDI RIZKI|KUBANG RAYA00 PEKANBARU RIAU","1","RIDAR","","","PBRBKR00220-N","WMS MUHAMAD RIVALDI RIZKI","MS SIlver Consumer",".42626025313342","101.4492406415253"
"00:06:F6:16:C2:9C","FGL1652S7P1","CISCO","JKTCKG00617-N/TLK-CI-65186","r tamu || CIPONDOH GONDRONG95 15148","2","JAKARTA BARAT","","","JKTCKG00617-N","Eti Sunarti","MS SIlver Consumer","-6.18953486868831","106.7052434879746"
"00:06:F6:16:C2:9D","FGL1652S7SU","CISCO","PBRPBB00005-N/TLK-CI-7070","PANCA SERAYA PERMAI | RIAU PEKANBARU Indonesia MALL CIPUTRA LANTAI 3 PKU  PAYUNG SEKAKI","1","RIDAR","Pertokoan","Mall","PBRPBB00005-N","PANCA SERAYA PERMAI","MS Standard Silver","",""
"00:06:F6:16:C2:A1","FGL1652S7SR","CISCO","AP0006.f616.c2a1","default location","1","MEDAN","","","","VAPE STROOONG","MS SIlver Consumer","3.615043","98.500511"
"00:06:F6:16:C2:A2","FGL1652S7T7","CISCO","RSK_1PBR000393/2PBR-PBRC0101-0788BI","Eka Hospital; Jl. Soekarno Hatta; Gd. Lama Lt 3 koridor Kelas Standar","1","RIDAR","","","RSK_1PBR000393","","BASIC","",""
"00:06:F6:16:C2:A3","FGL1652S7WL","CISCO","MDNPRT00029-N/TLK-CI-51830","SAMPALIJL.ANUGRAH MEDAN SUMUT","1","MEDAN","","","MDNPRT00029-N","SITI FATIMAH","WM_50M","3.65457","98.69268"
"00:06:F6:16:C2:AB","FGL1708S68G","CISCO","PWKPWK00074/TLK-WI039362-0003","KOSTRAD PURWAKARTA|RAYA SADANG 9 CIWANGI BUNGURSARI PURWAKARTA KODE POS : 41181","3","KARAWANG","","","PWKPWK00074","KOSTRAD PURWAKARTA","WiCO 2.0 Enterprise","-6.512899321397","107.463744878768"
"00:06:F6:16:C2:AC","FGL1652S7YX","CISCO","PBRPBB00121-N/TLK-CI-34535","KASIH_BAN_MOTOR","1","RIDAR","","","PBRPBB00121-N","wms KASIH BAN MOTOR","MS SIlver Consumer",".51667100000001","101.4438612037048"
"00:06:F6:16:C2:AD","FGL1652S7SS","CISCO","PDPDC00361/TLK-WI012764-0001","lt4 ruang tgh|ASRAMA PUTRI SMAN 3 PAINAN|ASRAMA PUTRI SMAN 3 PAINAN | SAGO ** DS","1","SUMBAR","","","PDPDC00361","WICO ASRAMA PUTRI SMAN 3 PAINAN","WiCO 2.0 Enterprise","-0.927622629632","100.362523794165"
"00:06:F6:16:C2:AE","FGL1652S7RJ","CISCO","JBJMB00035/TLK-WI558199-0001","ALFA MART PASAR MODREN KEBUN HANDIL DI PANJAITAN ** KEL KEBUN HANDIL JAMBI KODE POS : 36137","1","JAMBI","","","JBJMB00035","ALFA MART PASAR MODREN KEBUN HANDIL","WB_100M","-1.62163","103.61928"
"00:06:F6:16:C2:AF","FGL1652S7SQ","CISCO","PBRPBB00478-N/TLK-CI-89566","JL. PATTIMURA PEKANBARU Indonesia MAPOLDA RIAU LT 1  SAIL","1","RIDAR","Institusi","Kepolisian","PBRPBB00478-N","POLDA RIAU","MS SILVER",".47504","101.37123"
"00:06:F6:16:C2:B1","FGL1704Z7JT","CISCO","ABRABR00104-N/TLK-CI-72733","diatas ruang gudang atas|WMS IWAN NET|KAB SEMARANG, BEDONO JAMBU, BEDONO KRAJAN RT04 RW01, -, RT/RW 6/3","4","SEMARANG","","","ABRABR00104-N","WMS IWAN NET","MS SIlver Consumer","-7.30794736412472","110.3493303250474"
"00:06:F6:16:C2:B4","FGL1652S7A7","CISCO","RSK_2BKS000818/2BKS-JTN0102-509BI","Pemda Bekasi; Jl. A Yani Bekasi; Gedung BPPT; Lt 1; Depan Ruang Kerja Gudang","2","JABAR BARAT UTARA (BEKASI)","INSTITUSI","PEMERINTAHAN","RSK_2BKS000818","","BASIC","",""
"00:06:F6:16:C2:B6","FGL1652S7TN","CISCO","PBRARK00382-N/TLK-CI-77449","R.TENGAH","1","RIDAR","","","PBRARK00382-N","WMS MUTIARA","MS SIlver Consumer",".507323645533323","101.4122934983606"
"00:06:F6:16:C2:B7","FGL1652S7XL","CISCO","RSK_MDNTMU00126/TLK-WI32158593-0001","Tengah kasir|JESS CAFE DAN COFFEE SHOP|    MEDAN SUMUT KEL BANDAR KLIPPA PASAR 1","1","MEDAN","","","RSK_MDNTMU00126","","BASIC","",""
"00:06:F6:16:C2:B9","FGL1704Z7YY","CISCO","RSK_SAUSAU00085/02-02BI-Balkon-K1602","HOTEL INNA GRAND BALI BEACH, JL. HANG TUAH NO 59 SANUR DENPASAR POST CODE : 80227, Lt 2 Wing C Balkon Kamar 1602","5","DENPASAR","","","RSK_SAUSAU00085","","BASIC","",""
"00:06:F6:16:C2:BA","FGL1652S7QL","CISCO","PDWPDW00220-N/TLK-CI-81418","BNK Chientya lesiana||BNK CHIENTYA LESIANA","1","BENGKULU","","","PDWPDW00220-N","BNK Chientya lesiana","MS SIlver Consumer","-3.82436101435441","102.3347653177909"
"00:06:F6:16:C2:BB","FGL1704S4D5","CISCO","CBNPRD00406-N/TLK-CI-104116","RAKIMAN | JL.Pelandakan RT.02/07 kel harjamukti kec. Harjamukti Kota cirebon jawa barat | RG_DEPAN","3","CIREBON","","","CBNPRD00406-N","RAKIMAN","MS SIlver Consumer","-6.74841935450355","108.5308519595245"
"00:06:F6:16:C2:BC","FGL1652S7WJ","CISCO","2JKT000602/2JKP-JTN0101-0467BI","Grand Indonesia;Jl. MH Thamrin;EAST MALL;ZONA 1;Lt.5 depan Grand Suki","2","JAKARTA PUSAT","PUSAT_KERAMAIAN","CONVENTION CENTER","2JKT000602","GRAND INDONESIA","","",""
"00:06:F6:16:C2:BD","FGL1652S7YH","CISCO","PBRPBB00221-N/TLK-CI-45931","PUNAI00 PEKANBARU RIAU","1","RIDAR","","","PBRPBB00221-N","WMS ISRAQ HOME","MS SIlver Consumer",".507188957811696","101.4465638683606"
"00:06:F6:16:C2:BE","FGL1652S7WA","CISCO","DIS_1MDN00STBT/1MDN-MDC0101-0039BI","SMPN 1; Jl. Zainul Arifin No 15 Stabat Medan","1","MEDAN","","","DIS_1MDN00STBT","","BASIC","",""
"00:06:F6:16:C2:BF","FGL1704Z7JP","CISCO","DIS_3BD000997/TLK-WI926526-0001","POLDA JABAR SOEKARNO HATTA 748 JATI SARI KOTA BANDUNG KODE POS : 40286","3","BANDUNG","INSTITUSI","KEPOLISIAN","DIS_3BD000997","","BASIC","",""
"00:06:F6:16:C2:C0","FGL1652S7XT","CISCO","HLG_PBRBKR00317-N/TLK-CI-115852","WMS MUHAMMAD REZA|KARYA III40 PEKANBARU RIAU Indonesia","1","RIDAR","","","HLG_PBRBKR00317-N","WMS MUHAMMAD REZA","MS SIlver Consumer",".43952","101.458036"
"00:06:F6:16:C2:C1","FGL1652S7TT","CISCO","HLG_PBRARK01412/TLK-WI32458895-0001","RIZIO|WMS RENGGA PURBA|    PEKANBARU RIAU KEL SIDOMULYO BARAT CIPTA KARYA GG PAT","1","RIDAR","","","HLG_PBRARK01412","","WM_20M","",""
"00:06:F6:16:C2:C2","FGL1704Z7G0","CISCO","JKTKAL00251/TLK-WI945057-0002","MENARA BANK MEGA|KAPTEN P TENDEAN Kav 12-14A  MAMPANG PRAPATAN JAKARTA SELATAN K","2","JAKARTA SELATAN","","","JKTKAL00251","Kos Cisangkuy","4:HALF_SUBS","-6.334917","106.823737"
"00:06:F6:16:C2:C4","FGL1652S7Q4","CISCO","AP0006.f616.c2c4","Ruang_Tengah","1","RIDAR","","","","DEVI CHANDRA","MS SIlver Consumer",".43167","101.40016"
"00:06:F6:16:C2:C5","FGL1704Z7KM","CISCO","RSK_BBABBA00268/TLK-WI32443967-0001","R TENGAH|WMS TEMPE TATRA (AKHMAD YANI IKHSAN)|    BABAD BABAD MADRASAH 46 62271","5","SURABAYA UTARA","","","RSK_BBABBA00268","","WM_20M","",""
"00:06:F6:16:C2:C6","FGL1652S7RS","CISCO","HLG_JKTCIL00854-N/TLK-CI-127214","RUSMIYATI|ALAMAT BELUM JELAS54 JAKARTA UTARA. Indonesia|ruang tamu","2","JAKARTA UTARA","Pusat Keramaian","Bandara","HLG_JKTCIL00854-N","RUSMIYATI","Paket  Wifi Station Enterprise Silver","0","0"
"00:06:F6:16:C2:C8","FGL1704Z7P5","CISCO","UBRBDU00092/TLK-WI282524-0006","BINKARPRSONALIA|KEPOLISIAN REPUBLIK INDONESIA|SOEKARNO HATTA Jl.Soekarno-Hatta n","3","BANDUNG","","","UBRBDU00092","POLDA JAWA BARAT","MS Standard Silver","",""
"00:06:F6:16:C2:C9","FGL1652S7W5","CISCO","PBRPBB00175-N/TLK-CI-41425","wms wandri octa||ruang tengah","1","RIDAR","","","PBRPBB00175-N","wms wandri octa","MS SIlver Consumer",".519916943211357","101.4737223883605"
"00:06:F6:16:C2:CB","FGL1704S4CU","CISCO","JKTPDM00094-N/TLK-CI-106542","MIATY | PADEMANGAN 4 GG 2211 JAKARTA UTARA. Indonesia","2","JAKARTA UTARA","","","JKTPDM00094-N","MIATY","MS SIlver Consumer","-6.13568805150336","106.8414168861944"
"00:06:F6:16:C2:CC","FGL1704Z7K6","CISCO","DIS_3CBN005901/3CBN-LBG0203-1942AI","SEKOLAH SMPN 2 PALIMANAN CIREBON;JL. KI AGENG TEPAK PALIMANAN; DPN R. TIK","3","CIREBON","PENDIDIKAN","SMP","DIS_3CBN005901","","BASIC","",""
"00:06:F6:16:C2:CD","FGL1704S4DB","CISCO","JKTMRD00325-N/TLK-CI-45645","DIDIK SULISTYO KURNIAWAN || KOMP STIP1 14150","2","JAKARTA UTARA","","","JKTMRD00325-N","DIDIK SULISTYO KURNIAWAN","MS SIlver Consumer","-6.10376889060429","106.9601457538842"
"00:06:F6:16:C2:CE","FGL1704Z7Z3","CISCO","DIS_2TAN024452/2TAN-JTN0126-0061BID","LIPPOMKRWCIW_DAS;Lippomallkarawaci,Tangerang;dalam shelter telkomsel","2","BANTEN TIMUR (TANGERANG)","","","DIS_2TAN024452","","BASIC","",""
"00:06:F6:16:C2:CF","FGL1652S7QW","CISCO","DIS_1JB003759/3PLM-PGC0103-0463BI","SMP NEGERI 08; JL. SUNAN GIRI RT.06 JAMBI; RUANG GURU","1","JAMBI","","","DIS_1JB003759","","BASIC","",""
"00:06:F6:16:C2:D0","FGL1652S7UM","CISCO","JKTGAN00065/TLK-WI548056-0004","BRIGIF LINUD 17 Jl Nusantara Jakarta Timur,0,JAKARTA TIMUR,POST CODE : 99999,251 | rt 002 rw10 no 80","2","JAKARTA TIMUR","","","JKTGAN00065","TELKOM DIVISI CONSUMER SERVICETELKOM DIVISI CONSUMER SERVICE","Wifi Basic","-6.341935848126","106.850506067276"
"00:06:F6:16:C2:D2","FGL1652S7QZ","CISCO","BLGBLG00035/TLK-WI31798621-0001","Ruang Pelayanan|PERUM PEGADAIAN|PATUAN ANGGINO  TOBA SAMOSIR  SUMATERA UTARA Ind","1","SUMUT","1","PEMERINTAHAN","BLGBLG00035","PERUM PEGADAIAN","MS Standard Gold","2.33641","99.06609"
"00:06:F6:16:C2:D3","FGL1652S7XY","CISCO","1PBR000393/2PBR-PBRC0101-0799BI","Eka Hospital; Jl. Soekarno Hatta Pekanbaru; Lt 6 Kor. Dpn VIP 6070","1","RIDAR","","","1PBR000393","","BASIC","0.48235958255290523","101.42021452233475"
"00:06:F6:16:C2:D6","FGL1652S7QX","CISCO","RSK_1JB001945/3PLM-PGC0103-0381BI","Polresta Jambi; Jl. Bayangkara; Ruang Server","1","JAMBI","","","RSK_1JB001945","","BASIC","",""
"00:06:F6:16:C2:D8","FGL1652S7TV","CISCO","PBRPBB00929-N/TLK-CI-49099","ADITYA DWI GUNA |  NERACA000 34596","1","RIDAR","","","PBRPBB00929-N","ADITYA DWI GUNA","WM_20M",".48924","101.43923"
"00:06:F6:16:C2:DB","FGL1652S7WW","CISCO","RSK_AP0006.f616.c2db","default location","1","MEDAN","","","","","BASIC","",""
"00:06:F6:16:C2:DC","FGL1652S7YR","CISCO","AP0006.f616.c2dc","default location","1","MEDAN","","","","POLITEKNIK KESEHATAN KEMENKES MEDANPOLTEKKES","MS Standard Silver","3.51019","98.61646"
"00:06:F6:16:C2:DD","FGL1652S7UK","CISCO","PBRBKR00146-N/TLK-CI-66125","WMS Djoragan|SURYA00 PEKANBARU RIAU","1","RIDAR","","","PBRBKR00146-N","WMS Djoragan","MS SIlver Consumer",".446251271489369","101.4593593730163"
"00:06:F6:16:C2:DF","FGL1652S7YP","CISCO","LSMLSM00316-N/TLK-CI-42317","WMS MUHAMMAD FIRDAUS MDN BNA00 ARUN ACEH","1","ACEH","","","LSMLSM00316-N","WMS MUHAMMAD FIRDAUS","MS SIlver Consumer","5.22264","96.99021"
"00:06:F6:16:C2:E0","FGL1652S7WD","CISCO","BKSKRA00037/03-01BI-R_Makan","Hanamasa Metropolitan Mall; Jl. Kh. Noer Ali Metropolitan Mall Bekasi; Lt.3; R. Makan","2","JABAR BARAT UTARA (BEKASI)","PUSAT_KERAMAIAN","RESTORAN","BKSKRA00037","Adi BogaCiptaAdi BogaCipta","3:FULL_SUBS","-6.1999135","107.030915"
"00:06:F6:16:C2:E1","FGL1652S7Q5","CISCO","DUMDUM00002-N/TLK-CI-2081","JOHNY ANDREAN GROUP | JL. JENDRAL SUDIRMANJCO Ramayana Dumai DUMAI Indonesia JCO Ramayana Dumai 00 NATUNA 00","1","RIDAR","Pusat Keramaian","Cafe","DUMDUM00002-N","JOHNY ANDREAN GROUP","MS SILVER","6634853","101.44443"
"00:06:F6:16:C2:E2","FGL1652S7X7","CISCO","HLG_BDLKDT00986-N/TLK-CI-35664","LATIFAH MUKHLIS | RAYA CANDI MAS00 BANDARLAMPUNG","1","LAMPUNG","","","HLG_BDLKDT00986-N","Wms Fanny wijaya halim","MS SIlver Consumer","0","105.26194"
"00:06:F6:16:C2:E3","FGL1652S7QT","CISCO","BKNBKN00043/TLK-WI32154470-0001","JENDERAL SUDIRMAN JENDERAL SUDIRMAN KAMPAR  RIAU Indonesia 28411 PEGADAIAN 60893 - UPS Bangkinang","1","RIDAR","","","BKNBKN00043","PERUM PEGADAIAN","MS Standard Gold","335055","10101883"
"00:06:F6:16:C2:E4","FGL1652S7S3","CISCO","PBRARK00020-N/TLK-CI-6038","PERUM PEGADAIAN HR SUBRANTASJL  HR SUBRANTAS PEKANBARU Indonesia PGDN 10385 - UPC Tampan  TAMPAN 187 RT4/13","1","RIDAR","Bisnis","Gedung Perkantoran","PBRARK00020-N","PERUM PEGADAIAN","MS GOLD",".46401","101.39324"
"00:06:F6:16:C2:E5","FGL1652S7TU","CISCO","DIS_1JB003020/3PLM-PGC0103-0243BI","AKPER GAPU; Jl. Raden Mas Taher No. 35 Jambi; Kantin","1","JAMBI","","","DIS_1JB003020","","BASIC","",""
"00:06:F6:16:C2:E6","FGL1652S7S7","CISCO","LSMLSM00233-N/TLK-CI-107240","MERDEKA TIMUR- LHOKSEUMAWE ACEH Indonesia","1","ACEH","","","LSMLSM00233-N","RIDWAN","MS SIlver Consumer","5.168941975002887","97.13369879661961"
"00:06:F6:16:C2:E8","FGL1652S7VN","CISCO","AP0006.f616.c2e8","default location","1","RIDAR","","","","WMS. CAFE PISANG GORENG KIPAS","MS SIlver Consumer",".46871683224","101.394467130303"
"00:06:F6:16:C2:E9","FGL1652S7RD","CISCO","HLG_1PBR000357/2PBR-PBRC0101-0289BI","Kantor Gubernur; Jl. Sudirman; Gd.9 Lt. 1 Depan Ruang Arsip","1","RIDAR","","","HLG_1PBR000357","","BASIC","",""
"00:06:F6:16:C2:EA","FGL1652S7R0","CISCO","HLG_1PBR000291/2PBR-PBRC0103-0019BI","Hotel Labersa Grand and Convention; Jl.Labersa Parit Indah; Lt.2 Rsto Kol.Renang","1","RIDAR","","","HLG_1PBR000291","","BASIC","",""
"00:06:F6:16:C2:EB","FGL1652S7R5","CISCO","RSK_JBJB100435/TLK-WI32067155-0001","PERPUSTAKAAN|081368253759|JAMBI (10271), KEL TELANAI PURA (00111), A YANI (0003)","1","JAMBI","","","RSK_JBJB100435","MARDIANSYAH","MS SIlver Consumer","-1.638209071157","103.543390023313"
"00:06:F6:16:C2:EC","FGL1652S7UX","CISCO","PBRPBR00411/TLK-WI897563-0003","SMAN 9 Pekanbaru; Jl. Semeru; Taman Digital","1","RIDAR","","","PBRPBR00411","SMAN 9 PEKANBARU","WiCO 2.0 Enterprise","0.527950875988","101.459912657739"
"00:06:F6:16:C2:ED","FGL1652S7QJ","CISCO","RSK_PBRPBR00432/TLK-WI979362-0001","R_KELUARGA|WMS. RUMAH ADE YENI TRIMULYANTI|WONOSARI ATHAYA D/1 KEL TANGKERANG TE","1","RIDAR","","","RSK_PBRPBR00432","WMS. RUMAH ADE YENI TRIMULYANTI","MS SIlver Consumer","0.492832730111","101.447658352553"
"00:06:F6:16:C2:EE","FGL1652S7UJ","CISCO","PBRPBB00851-N/TLK-CI-37694","DICKHI SONY PUTRA|CEMARA00 PEKANBARU RIAU","1","RIDAR","","","PBRPBB00851-N","DICKHI SONY PUTRA","WM_20M",".51311","101.45871"
"00:06:F6:16:C2:EF","FGL1652S7R7","CISCO","2JKT010915/2JKT-JTN0130-0149AI","MIS TPI Bait Al Rahman  Jalan Duren Tiga Selatan VII RT 004/02  R. Guru","2","JAKARTA SELATAN","","","2JKT010915","","BASIC","",""
"00:06:F6:16:C2:F0","FGL1652S7NQ","CISCO","HLG_1PBR001572/2PBR-PBRC0101-0524BI","Kantor Polda; Jl. Sudirman Pekanbaru; Lt 1 Kasubid PID","1","RIDAR","INSTITUSI","KEPOLISIAN","HLG_1PBR001572","","BASIC","",""
"00:06:F6:16:C2:F1","FGL1652S7YS","CISCO","BASBAS00008-N/TLK-CI-44344","TANDUN0000 BENGKALIS RIAU Indonesia","1","RIDAR","","","BASBAS00008-N","WINGKY","MS SIlver Consumer","1.47678","102.11246"
"00:06:F6:16:C2:F2","FGL1704Z7Q5","CISCO","SMDSMD01027-N/TLK-CI-94898","R.KANTOR | PKBM ANNUUR WMS; SUMEDANG SITU PRABU GAJAH AGUNG 33","3","BANDUNG","","","SMDSMD01027-N","PKBM ANNUUR WMS","MS SIlver Consumer","-6.83221303013956","107.9245643206091"
"00:06:F6:16:C2:F3","FGL1652S7R3","CISCO","JKTTBE00284-N/TLK-CI-113467","Prihanto|Prihanto|BUKIT DURI SELATAN45C JAKARTA SELATAN Indonesia","2","JAKARTA SELATAN","","","JKTTBE00284-N","Prihanto","MS SIlver Consumer","-6.22074369305715","106.8536822632075"
"00:06:F6:16:C2:F4","FGL1652S7WE","CISCO","RSK_1PBR000393/2PBR-PBRC0101-0797BI","Eka Hospital; Jl. Soekarno Hatta Pekanbaru; Lt 6 Kor. Dpn Kelas Standar","1","RIDAR","","","RSK_1PBR000393","","BASIC","",""
"00:06:F6:16:C2:F5","FGL1652S7R8","CISCO","JKTBIN00486-N/TLK-CI-80707","HARRID NAUFAL GIFARI|KEBON KOPI36 TANGERANG Indonesia","2","JAKARTA SELATAN","","","JKTBIN00486-N","HARRID NAUFAL GIFARI","MS SIlver Consumer","-6.26711502195167","106.7490230579893"
"00:06:F6:16:C2:F6","FGL1652S7VH","CISCO","BDLKDT00473-N/TLK-CI-78059","WAY HUI00 BANDARLAMPUNG Indonesia","1","LAMPUNG","","","BDLKDT00473-N","wms Nabila Salsabila","MS SIlver Consumer","-5.35139855731389","105.3158608296606"
"00:06:F6:16:C2:F7","FGL1652S7XS","CISCO","DIS_1BIR002884/1MDN-MDC0104-1130BI","Kantor Telkom Bireuen; Jl. Malikul Saleh Banda Aceh; Ruang Pelayanan","1","ACEH","","","DIS_1BIR002884","","BASIC","",""
"00:06:F6:16:C2:F8","FGL1652S7QQ","CISCO","DIS_1PBR000288/2PBR-PBRC0101-0140BI","Hotel Grand Zuri; Jl. Teuku Umar; Lt. 1 Restoran","1","RIDAR","","","DIS_1PBR000288","","BASIC","",""
"00:06:F6:16:C2:F9","FGL1704Z7HW","CISCO","HLG_4SM000843/4SM-SM0101-0195BI","Balaikota Semarang; Jl Pemuda; Lt 2 R. Rapat DPRD","4","SEMARANG","INSTITUSI","PEMERINTAHAN","HLG_4SM000843","","BASIC","",""
"00:06:F6:16:C2:FA","FGL1704Z7LA","CISCO","SBKNN00149-N/TLK-CI-122903","RANU SOMA SETYANGGO (WMS RAFANDRA) | SEMEMI JAYA 7 A35 SURABAYA Indonesia","5","SURABAYA UTARA","","","SBKNN00149-N","RANU SOMA SETYANGGO (WMS RAFANDRA)","MS SIlver Consumer","-7.24630660005209","112.6420637668647"
"00:06:F6:16:C2:FC","FGL1704Z7YU","CISCO","JKTSLP00738/TLK-WI32339251-0010","KOST WISMA TAWAKAL|    JAKARTA BARAT. TOMANG TAWAKAL 6 38-39 11440","2","JAKARTA BARAT","","","JKTSLP00738","KOST WISMA TAWAKAL","WM_20M","-6.22975","106.82952"
"00:06:F6:16:C2:FD","FGL1652S7QS","CISCO","HLG_PBRPBB00209-N/TLK-CI-44642","DURIAN GG KEDUNG SARI00 PEKANBARU RIAU","1","RIDAR","","","HLG_PBRPBB00209-N","wms PT. Meranti karya mandiri ( PT. MKM)","MS SIlver Consumer",".517641","101.432991"
"00:06:F6:16:C2:FE","FGL1704Z7QL","CISCO","BWRGJ00068-N/TLK-CI-32031","KARANGSARI0 ROGOJAMPI Indonesia","5","JEMBER","","","BWRGJ00068-N","DODIK HARTONO","MS Gold Consumer","0","0"
"00:06:F6:16:C2:FF","FGL1704Z7NU","CISCO","RSK_5SB000708/5SB-KBL0102-0338BI","PT BNI (PERSERO) TBK - WMS 1-AP ONT-2","5","SURABAYA SELATAN","","","RSK_5SB000708","","BASIC","",""
"00:06:F6:16:C3:00","FGL1704Z7UZ","CISCO","BBABBA00083/TLK-WI31556984-0001","R CAFFE|WMS GEWINN COFFEE 2 (ALLI PUPUT)| BABAD KEDUNG PRING TELANAK, DS RAYA","5","SURABAYA UTARA","","","BBABBA00083","WMS GEWINN COFFEE 2 (ALLI PUPUT)","MS SIlver Consumer","-7.171890544670","112.198547245121"
"00:06:F6:16:C3:01","FGL1704Z7J2","CISCO","BDBDK00179-N/TLK-CI-83473","RG TENGAH | SIGIT WMS; KAB BANDUNG Ds CANGKUANG KULON, TAMAN CIBADUYUT INDAH Blok.GC/No.1D","3","BANDUNG","","","BDBDK00179-N","SIGIT WMS","MS SIlver Consumer","-6.96537554145738","107.5996027183422"
"00:06:F6:16:C3:02","FGL1704Z7QQ","CISCO","DIS_3BD003047/3BD-LBG0201-5656BI","SMP KARANG ARUM CILENGKRANG BANDUNG; JL. KARANGARUM RAYA NO 1; DEPAN KELAS","3","BANDUNG","","","DIS_3BD003047","","BASIC","",""
"00:06:F6:16:C3:03","FGL1652S7VD","CISCO","RSK_PBRSYO00079-N/TLK-CI-88827","R.TENGAH","1","RIDAR","","","RSK_PBRSYO00079-N","WMS MARKET ELEKTRONIC","MS SIlver Consumer",".414144","101.424489"
"00:06:F6:16:C3:04","FGL1652S7XJ","CISCO","PBRBKR00185-N/TLK-CI-87320","R.TENGAH","1","RIDAR","","","PBRBKR00185-N","WMS DINA NURFAN","MS SIlver Consumer",".469071258283011","101.4600046627044"
"00:06:F6:16:C3:05","FGL1704Z7NF","CISCO","MDNCTD00085/01-01BI-At-lrg-kmr","RAYPA KOST JL MESJID DSN II GG.RONDAHAIM NO.6C  HELVETIA KARYA II MDN,No.60,Sumatera Utara,POST CODE : 11111,121","1","MEDAN","RESIDENSIAL","PERUMAHAN","MDNCTD00085","TELKOM DIVISI CONSUMER SERVICETELKOM DIVISI CONSUMER SERVICE","9:BASIC","3.61593872","98.6468498"
"00:06:F6:16:C3:06","FGL1704Z7J3","CISCO","DIS_3BD001925/3BD-LBG0105-6091BI","SEKOLAH MA NURUL HUDA BDG; JL.K.H.WAHID HASYIM NO.7; MA NURUL HUDA","3","BANDUNG","","","DIS_3BD001925","","BASIC","",""
"00:06:F6:16:C3:07","FGL1704Z7PU","CISCO","SMDSMD00919-N/TLK-CI-87800","PEMKAB SUMEDANG (DISKIPAS U/ MANSYAUL HIKMAH) | SEKAR WANGI SUMEDANG Indonesia MANSYAUL HIKMAH BUAH DUA | RUANG GURU","3","BANDUNG","Pendidikan","Boarding School","SMDSMD00919-N","PEMKAB SUMEDANG","MS SILVER","-6.72745","107.99267"
"00:06:F6:16:C3:08","FGL1704Z7KP","CISCO","HLG_4SM001655/4SM-SM0103-0645BI","Smp Sepuluh Nopember 2; Jl Ketileng Indah VI/2; R. Lab IPA","4","SEMARANG","","","HLG_4SM001655","","BASIC","",""
"00:06:F6:16:C3:09","FGL1704Z7FR","CISCO","RSK_SMJHR00043/01-03AI-R-Internas","PELABUHAN TANJUNG MAS JL. Coaster, No.10, Semarang Utara, 50174,10,Jawa Tengah,POST CODE : 11111,471","4","SEMARANG","","","RSK_SMJHR00043","MTS FUTUHIYYAH PALEBON","MS SIlver Consumer","-7.003530395086","110.468784570693"
"00:06:F6:16:C3:0A","FGL1704Z7GR","CISCO","BDLBG00162-N/TLK-CI-95844","RG TENGAH | SAMSUL ARIFIN WMS; KOTA BANDUNG TAMAN SARI PURNAWARMAN 70","3","BANDUNG","","","BDLBG00162-N","SAMSUL ARIFIN WMS","MS SIlver Consumer","-6.90388397360954","107.6097065826542"
"00:06:F6:16:C3:0B","FGL1704Z7H6","CISCO","DIS_3CBN000478/3CBN-LBG0102-0899BI","STASIUN KEJAKSAN;JL.SILIWANGI; R.TUNGGU PENUMPANG","3","CIREBON","","","DIS_3CBN000478","","BASIC","",""
"00:06:F6:16:C3:0D","FGL1704Z7KG","CISCO","DIS_3BD003509/3BD-LBG0201-6062BI","SMP NEGERI 6 BANDUNG; JL. H. YAKUB NO. 36; LT.2 DPN R. KELAS","3","BANDUNG","","","DIS_3BD003509","","BASIC","",""
"00:06:F6:16:C3:0E","FGL1704Z7GQ","CISCO","RSK_BWEBWE00006/TLK-WI643711-0001","DPN TERAS LT.1 BI,WICO STO BAWEN JL.SOEKARNO HATTA,32,SEMARANG,POST CODE : 99999,471","4","SEMARANG","","","RSK_BWEBWE00006","KONTRAKAN INCES 21","MS SIlver Consumer","-6.984085551918","110.452895286409"
"00:06:F6:16:C3:0F","FGL1704S4DH","CISCO","HLG_SBMYR00269-N/TLK-CI-92077","HOTSPOT JANGAN LUPA SHOLAT (MOCH FARREL ARRIZAL) | SEMOLO WARU ELOKBLOK-AK/16A SURABAYA Indonesia","5","SURABAYA SELATAN","","","HLG_SBMYR00269-N","","MS SIlver Consumer","",""
"00:06:F6:16:C3:10","FGL1704Z7M8","CISCO","DIS_BDCJA00022/02-01BI-R_Office","MIM OFFICE; JL. SOEKARNO HATTA NO. 590; LT.2 R. OFFICE","3","BANDUNG","","","DIS_BDCJA00022","","BASIC","",""
"00:06:F6:16:C3:11","FGL1704Z7JU","CISCO","DIS_SMMJP00734/W1F100:06:f6:16:c3:11","diatas ruang keluarga|WMS SLAMET RIYANTO|DEMAK BANDUNGREJO MRANGGEN BANDUNGREJO RT4 RW1 59567","4","SEMARANG","","","DIS_SMMJP00734","NOFA HARIS","MS SIlver Consumer","-7.089138731718","110.045092105865"
"00:06:F6:16:C3:12","FGL1704Z7KN","CISCO","BNBNK00510/TLK-WI32547360-0001","DI KAMAR | BENGKULU KEL PONDOK KELAPA PASAR PEDATI 05 38371","1","BENGKULU","","","BNBNK00510","bnk MUHAMMAD JAMIL","WM_20M","-3.76432","102.2904"
"00:06:F6:16:C3:13","FGL1704Z7R2","CISCO","DIS_3BD004035/3BD-LBG0106-6187BI","SEKOLAH MI BAETURRIDLWAN BANDUNG; JL. H BASUKI 3 NO.21; DPN ANTARA R.KEPSEK GURU","3","BANDUNG","","","DIS_3BD004035","","BASIC","",""
"00:06:F6:16:C3:15","FGL1704Z7MA","CISCO","DIS_5BTU012155/5BTU-KBL0104-0057BI","SMAN 1 BATU;JL KH.AGUS SALIM 57 BATU;KELAS 10 12","5","MALANG","","","DIS_5BTU012155","","BASIC","",""
"00:06:F6:16:C3:18","FGL1704Z7GU","CISCO","HLG_2JKB024442/2JKB-JTN0125-0773BID","JHCCIW_DAS/JHCC;Jl.GatotSubrotoPO.BOX4916,Jakarta;Shelter Tsel;AP#5","2","JAKARTA BARAT","","","HLG_2JKB024442","","BASIC","",""
"00:06:F6:16:C3:1B","FGL1704Z7Q9","CISCO","AP0006.f616.c31b","default location","1","SUMBAR","","","","WMS ELVANA YULIANISA","MS SIlver Consumer","-.89364342117614","100.3450205749323"
"00:06:F6:16:C3:1D","FGL1704Z7GJ","CISCO","DIS_BDCJA00201-N/TLK-CI-69160","RG TAMU | M. FULKI FIRDAUS WMS; KAB BANDUNG Ds CIPAGALO CIGANITRI RT/RW 04/07","3","BANDUNG","","","DIS_BDCJA00201-N","M. FULKI FIRDAUS WMS","MS SIlver Consumer","-6.97222","107.65047"
"00:06:F6:16:C3:20","FGL1704Z7YX","CISCO","DIS_2JKT023857/2JKT-JTN0111-0196BI","STO Gandaria  Jl. Ciracas Jaktim  Depan Loket Pembayaran Telepon","2","JAKARTA TIMUR","","","DIS_2JKT023857","","BASIC","",""
"00:06:F6:16:C3:33","FGL1704Z7Z2","CISCO","RSK_JKTCIL00015/2JKT-JTN0124-0721BI","RM Dapoer Kite Cilincing; Jl.Cilincing Baru Timur; Rg_Makan","2","JAKARTA UTARA","","","RSK_JKTCIL00015","","BASIC","",""
"00:06:F6:16:C3:34","FGL1704Z7NH","CISCO","SMJSMJ00028/TLK-WI32308057-0001","RUANG_PELANGGAN|SUPADI|    SUMBEREJO SUMBEREJO XXXX 01/01 62191","5","MADIUN","","","SMJSMJ00028","WMS WARKOP OTW PINGGIRAN","WM_20M","-7.20427","111.98642"
"00:06:F6:16:C3:35","FGL1704Z7K9","CISCO","BDCJA00103-N/TLK-CI-28645","LANTAI2|KANTOR KECAMATAN RANCASARI WMS; SANTOSA17 KOTA BANDUNG Indonesia","3","BANDUNG","","","BDCJA00103-N","FATUR ROHMAT WMS","MS SIlver Consumer","-6.94800671273293","107.6749764402395"
"00:06:F6:16:C3:36","FGL1704Z7R3","CISCO","LMGLMG00324/TLK-WI31855388-0001","R TENGAH|WMS WAPIASCO (MAYA PUSPITA)|    LAMONGAN SUGIO SUGIO, DSN PANDNAN 0106 ","5","SURABAYA UTARA","","","LMGLMG00324","WMS WAPIASCO (MAYA PUSPITA)","MS SIlver Consumer","-7.214141506918","112.372458003450"
"00:06:F6:16:C3:38","FGL1704Z7P4","CISCO","MNMNZ00118-N/TLK-CI-7283","PEMKOT MADIUN | NOMAD MADIUN Indonesia KARTOHARJO 34_AP Pengganti","5","MADIUN","Pusat Keramaian","Gedung Serba Guna","MNMNZ00118-N","PEMKOT MADIUN","MS SILVER","-7.63113","111.5392"
"00:06:F6:16:C3:39","FGL1704Z7G9","CISCO","DIS_3BD001569/3BD-LBG0201-5754BI","MTSS MIFTAHUL FALAH BANDUNG; JL GEDEBAGE SELATAN NO 115; R. GURU","3","BANDUNG","","","DIS_3BD001569","","BASIC","",""
"00:06:F6:16:C3:3A","FGL1704Z7KD","CISCO","MLSBP00045/TLK-WI32387914-0001","WMS KAMI GEMI / pietra utomo | NONGKO JAJAR10 MALANG Indonesia(ap pengganti)","5","MALANG","","","MLSBP00045","WMS Ditagladys / Tatik Susiani","WM_20M","-8.15357","112.50775"
"00:06:F6:16:C3:3B","FGL1704Z7NG","CISCO","HLG_DLSDLS00007/TLK-WI866526-0001","NKRI 2016 KANTOR BUPATI HUMBAHAS DOLOK SANGGUL","1","SUMUT","","","HLG_DLSDLS00007","","BASIC","",""
"00:06:F6:16:C3:3C","FGL1704Z7JS","CISCO","MNMN110332/TLK-WI292932-0001","PEMKOT MADIUN|Nambangan Kidul, Mangu Harjo, Kota Madiun, Jawa Timur_AP Pengganti","5","MADIUN","INDIPUBLIC","","MNMN110332","PEMKOT MADIUN","MS Standard Silver","-7.629","111.51683"
"00:06:F6:16:C3:3D","FGL1704Z7QP","CISCO","PGTLK00145-N/TLK-CI-51382","KAMAR","1","SUMSEL","","","PGTLK00145-N","PEBRIYANTI","MS SIlver Consumer","-2.92741778482271","104.7204827517271"
"00:06:F6:16:C3:3E","FGL1704Z7HE","CISCO","DIS_SBMGO00034/LG-02BI-Dp_Texas_Chic","TUNJUNGAN PLAZA,Jl. Jendral Basuki Rachmad 8-12, Surabaya;Depan Texas Chicken","5","SURABAYA UTARA","","","DIS_SBMGO00034","","BASIC","",""
"00:06:F6:16:C3:40","FGL1704Z7LZ","CISCO","BDCJA00008/04-02BI-Dp_K_415-416","PT. Trengginas - Asrama Putra Gd. 5 Jl. Telekomunikasi  Terusan Buah Batu No. 01 Bandung; LT2KMR205","3","BANDUNG","","","BDCJA00008","","WIFI_MS","",""
"00:06:F6:16:C3:41","FGL1704Z7JN","CISCO","DIS_3BD004381/3BD-LBG0202-6094BI","SDN 039 TEGALLEGA WMS PELINDUNG HEWAN 43 PELINDUNG HEWAN KOTA BANDUNG KODE POS : 40243","3","BANDUNG","PENDIDIKAN","SD","DIS_3BD004381","WMS BOLISTA COLLECTION TASIKMALAYA","MS SIlver Consumer","-7.304398660442","108.201963274799"
"00:06:F6:16:C3:42","FGL1704Z7HD","CISCO","JKTCPP00856-N/TLK-CI-77762","wifi_masyrofah jl. taruna gg. 2 rt 004/003 no. 12c serdang | jakarta pusat. indonesia","2","JAKARTA PUSAT","","","JKTCPP00856-N","MASYROFAH","MS SIlver Consumer","-6.15848690020412","106.8616660458623"
"00:06:F6:16:C3:43","FGL1704Z7JJ","CISCO","DIS_3BD006266/3BD-LBG0106-6093BI","SEKOLAH SD ISLAM BAKTI ASIH; JL PADASUKA ATAS NO 233; DPN R.TU","3","BANDUNG","","","DIS_3BD006266","","BASIC","",""
"00:06:F6:16:C3:44","FGL1704Z7RT","CISCO","BDGGK00100-N/TLK-CI-55349","RG TENGAH | AAN NURHASANAH WMS; KAB BANDUNG Ds SARIWANGI MEKAR WANGI RT/RW 03/12","3","BANDUNG","","","BDGGK00100-N","AAN NURHASANAH WMS","MS Gold Consumer","-6.85086791804333","107.5754436740334"
"00:06:F6:16:C3:45","FGL1704Z7P7","CISCO","DIS_2JKT-T-019/AP0006.f616.c345","Mall Ambassador; Event INTEL; Sebelah Kiri Booth (INTEL)","2","JAKARTA SELATAN","","","DIS_2JKT-T-019","","BASIC","",""
"00:06:F6:16:C3:46","FGL1704Z7FW","CISCO","KLSKR00206/TLK-WI32406233-0001","di samping R.tamu|WMS ERVIN NOVIANTO|    KENDAL SUKOREJO AROMASARI RT7 RW7 51363","4","SEMARANG","","","KLSKR00206","WMS ERVIN NOVIANTO","WM_20M","-7.09235","110.04638"
"00:06:F6:16:C3:47","FGL1704Z7HA","CISCO","SLTSLT00051/TLK-WI31730821-0001","Villa_Teratai|KAWASAN WISATA TANJUNG PESONA|KAWASAN WISATA TERPADU PANTAI PARAI","1","BABEL","","","SLTSLT00051","KAWASAN WISATA TANJUNG PESONA","MS Standard Silver","",""
"00:06:F6:16:C3:48","FGL1704S4CZ","CISCO","HLG_2BKS018389/2BKS-JTN0121-0195BI","SD Negeri Bojong Rawa Lumbu 6 Bekasi;Bojong Indah Permai;Ruang Guru","2","JABAR BARAT UTARA (BEKASI)","","","HLG_2BKS018389","","BASIC","",""
"00:06:F6:16:C3:49","FGL1704Z7GF","CISCO","HLG_CMICMI00244/TLK-WI323735-0001","KOMITELKBB.WMS; CIMAHI CIPAGERAN SANGKURIANG 47 KODE POS :40511;","3","BANDUNGBRT","","","HLG_CMICMI00244","","BASIC","",""
"00:06:F6:16:C3:4A","FGL1704Z7H9","CISCO","PGKTU00185-N/TLK-CI-75996","BRIGJEN HASAN KASIM14 PALEMBANG SUMSEL","1","SUMSEL","","","PGKTU00185-N","ELLY UTARI S.PD","MS SIlver Consumer","-2.94151133140666","104.7844266073701"
"00:06:F6:16:C3:4B","FGL1704Z7L7","CISCO","PSAPSA00002/1MDN-MDC0104-1278BI","Wifi Corner Plasa Telkom Porsea; Jl Cokro; Teras Depan","1","SUMUT","","","PSAPSA00002","","BASIC","2.445652","99.156408"
"00:06:F6:16:C3:4C","FGL1704Z7R4","CISCO","RSK_PDPDC00675/TLK-WI31986927-0002","Lt.2 lorong 2|PT SURYA CITRA ABADI MANDIRI|AZIZI KOMPLEK POLAMAS A88  PADANG  SU","1","SUMBAR","","","RSK_PDPDC00675","","BASIC","",""
"00:06:F6:16:C3:4D","FGL1704Z7YN","CISCO","DIS_2TAN024452/2TAN-JTN0126-0060BID","LIPPOMKRWCIW_DAS;Lippomallkarawaci,Tangerang;dalam shelter telkomsel","2","BANTEN TIMUR (TANGERANG)","","","DIS_2TAN024452","","BASIC","",""
"00:06:F6:16:C3:6D","FGL1652S7QC","CISCO","2JKT010037/2JKT-JTN0112-0839BI","SMP PGRI 12; Jalan Pondok Labu IB/29; Ruang Perpustakaan","2","JAKARTA SELATAN","","","2JKT010037","","BASIC","",""
"00:06:F6:16:C3:6F","FGL1652S7S2","CISCO","TPIKMS00114-N/TLK-CI-64415","JL WR SUPRATMANKM08 TANJUNG PINANG RIAU Indonesia","1","RIKEP","","","TPIKMS00114-N","Kopi Kelakaa","MS SIlver Consumer",".917521391108089","104.4925588185915"
"00:06:F6:16:C3:70","FGL1652S7YD","CISCO","RSK_PBRARK01000/TLK-WI32106742-0001","default location","1","RIDAR","","","RSK_PBRARK01000","","WM_20M","",""
"00:06:F6:16:C3:72","FGL1652S7NR","CISCO","DIS_MLMLG00390/TLK-WI32040647-0001","R_Tengah|WMS Fabulous Las Vegas / JANE CHRISTINE MAUTA KONTU|    MALANG KELURAHA","5","MALANG","","","DIS_MLMLG00390","WMS Turinet/ HADI MUNIF","MS Gold Consumer","-7.914109","112.617069"
"00:06:F6:16:C3:76","FGL1652S7ST","CISCO","RSK_PBRBKR00152/TLK-WI252597-0001","KORIDOR_LT1|WMS ASRAMA PUTRI SAKINAH|PEKANBARU RIAU KEL SIMPANG TIGA AIR DINGIN ","1","RIDAR","","","RSK_PBRBKR00152","","MS SIlver Consumer","",""
"00:06:F6:16:C3:77","FGL1652S7NB","CISCO","PBRPBR01149/TLK-WI32473743-0001","R_TENGAH|KOST YANDRI|    PEKANBARU RIAU KEL KAMPUNG MELAYU GELATIK 1 34596","1","RIDAR","","","PBRPBR01149","KOST YANDRI","WM_20M",".50809","101.43738"
"00:06:F6:16:C3:78","FGL1704Z7MG","CISCO","AP0006.f616.c378","default location","1","SUMSEL","","","","","BASIC","",""
"00:06:F6:16:C3:79","FGL1652S7Y8","CISCO","PBRPBB00910-N/TLK-CI-46349","TIUNG00 PEKANBARU RIAU Indonesia","1","RIDAR","","","PBRPBB00910-N","FITRY","WM_20M",".50874","101.42828"
"00:06:F6:16:C3:7A","FGL1652S7PR","CISCO","MDNMDC00604/TLK-WI137892-0001","R.tunggu Pasien|KRISTINA DR|BANGKA 51 KEL GANG BUNTU MEDAN SUMUT KODE POS : 2023","1","MEDAN","","","MDNMDC00604","PRAKTEK DR KRISTINA","WiCO 2.0 Enterprise","3.588807","98.682482"
"00:06:F6:16:C3:7C","FGL1652S7NP","CISCO","RSK_1PBR001572/2PBR-PBRC0101-0521BI","Kantor Polda; Jl. Sudirman Pekanbaru; Lt 1 Intel","1","RIDAR","INSTITUSI","KEPOLISIAN","RSK_1PBR001572","","MS Standard Silver","",""
"00:06:F6:16:C3:7D","FGL1652S7NH","CISCO","PBRPBB00557-N/TLK-CI-96932","R.TENGAH","1","RIDAR","","","PBRPBB00557-N","WMS EDI SUYANTO","MS SIlver Consumer",".534797100041577","101.4811094206424"
"00:06:F6:16:C3:7F","FGL1652S7PG","CISCO","HLG_PBRARK00676/TLK-WI31825017-0001","R_TENGAH|Bangau Sakti home|    PEKANBARU RIAU KEL SIMPANG BARU BANGAU SAKTI 1 34","1","RIDAR","","","HLG_PBRARK00676","Bangau Sakti home","MS SIlver Consumer","0.474364976159","101.375035549875"
"00:06:F6:16:C3:81","FGL1652S7NN","CISCO","HLG_PBRPBB00725-N/TLK-CI-117212","R.TENGAH","1","RIDAR","","","HLG_PBRPBB00725-N","WMS DOSSY GUSTIA HUTRI","MS SIlver Consumer",".496469","101.512385"
"00:06:F6:16:C3:82","FGL1652S7N5","CISCO","RSK_TAKTAK00001-N/TLK-CI-0618","UNIV ISLAM KUANTAN SINGINGI | GATOT SUBROTO TALUK KUANTAN Indonesia FAK TEKNIS II UNIKS  KUANTAN TENGAH","1","RIDAR","Pendidikan","Universitas","RSK_TAKTAK00001-N","","BASIC","",""
"00:06:F6:16:C3:83","FGL1652S7NE","CISCO","1PBR000365/2PBR-PBRC0104-0401BI","Plaza Senapelan; Jl. Teuku Umar Pekanbaru; Lt. 5 depan royal sweet","1","RIDAR","","","1PBR000365","","BASIC","0.53248","101.44853"
"00:06:F6:16:C3:85","FGL1652S7GS","CISCO","RSK_BKSSUE00023/TLK-WI534925-0011","DISKOMINFO Pemkab Bekasi Komp. Perkantoran Pemkab Bekasi Ds. Sukamahi Cik-Pus,00000,Jawa Barat,POST CODE : 11111,341","2","JABAR BARAT UTARA (BEKASI)","INSTITUSI","PEMERINTAHAN","RSK_BKSSUE00023","","MS Standard Silver","",""
"00:06:F6:16:C3:86","FGL1652S7NY","CISCO","RSK_PBRARK00287/TLK-WI195816-0002","FAKULTAS PERIKANAN DAN ILMU KELAUTAN|BINA WIDYA KAMPUS UNRI KEL","1","RIDAR","","","RSK_PBRARK00287","","WiCO 2.0 Enterprise","",""
"00:06:F6:16:C3:88","FGL1652S7Y3","CISCO","1PBR008840/2PBR-PBRC0103-6362BI","Badan Pemeriksa Keuangan; JL. Jend. Sudirman; Lobi Lt.1","1","RIDAR","","","1PBR008840","","BASIC","0.4922009208803149","101.45479630557021"
"00:06:F6:16:C3:89","FGL1652S7PM","CISCO","RSK_1PBR001698/2PBR-PBRC0103-6199BI","BNI 46 Pekanbaru; Jl. Sudirman; Lt.2; Ruang Workoffice","1","RIDAR","","","RSK_1PBR001698","","BASIC","",""
"00:06:F6:16:C3:8A","FGL1652S7Z5","CISCO","HLG_2BKS018657/2BKS-JTN0121-0253BI","SD Negeri Marga Jaya 5 Bekasi; Jl Veteran Dalam 80; Ruang Guru","2","JABAR BARAT UTARA (BEKASI)","","","HLG_2BKS018657","","BASIC","",""
"00:06:F6:16:C3:8B","FGL1652S7RW","CISCO","DIS_2JKT-T-062/2JKT-JTN0112-0355BI","Event Tsel 4G Mall Kelapa Gading;Jl. Boulevard Kelapa Gading ;AP2","2","JAKARTA UTARA","","","DIS_2JKT-T-062","HOUSING HERIYANTO","MS SIlver Consumer","-6.127858510865","106.882213132143"
"00:06:F6:16:C3:8F","FGL1652S7PN","CISCO","HLG_1PBR000429/2PBR-PBRC0101-0699BI","UIR; Jl.Kaharuddin Nasution KM 11/113; Fakultas Teknik Lt.2 Ruangan Tehnik Mesin","1","RIDAR","PENDIDIKAN","UNIVERSITAS","HLG_1PBR000429","","BASIC","",""
"00:06:F6:16:C3:90","FGL1652S7N4","CISCO","BNADAR00497/TLK-WI32221531-0001","BANDA ACEH DS RUKOH RUKOH - 23112","1","ACEH","","","BNADAR00497","WMS BERKAT SEKAWAN 2","MS SIlver Consumer","",""
"00:06:F6:16:C3:92","FGL1704Z7H4","CISCO","JKTCID00200-N/TLK-CI-47140","SUNARSO|JL. DURI B.IV NO.43 DURI PULO, GAMBIR, JAKARTA PUSAT 10140 (pengganti)","2","JAKARTA PUSAT","","","JKTCID00200-N","SUNARSO","","0","0"
"00:06:F6:16:C3:97","FGL1652S7Z0","CISCO","RSK_1PBR000303/2PBR-PBRC0101-0226BI","Hotel The Premiere; Jl. Jend. Sudirman 389; Lt.3 Meeting Room Mulia 6","1","RIDAR","","","RSK_1PBR000303","","BASIC","",""
"00:06:F6:16:C3:99","FGL1652S7PW","CISCO","JKTCKG00684-N/TLK-CI-68355","R.Tengah | PEDONGKELAN1A JAKARTA BARAT. Indonesia","2","JAKARTA BARAT","","","JKTCKG00684-N","NURSIWAN","MS SIlver Consumer","-6.14799002888786","106.7439489067459"
"00:06:F6:16:C3:9A","FGL1652S7H6","CISCO","RSK_JBTLP00126/TLK-WI137512-0003","R.Kapenrem|WICO KOREM 042 GAPU|URIP SUMOHARJO ** KEL SELAMAT JAMBI KODE POS : 36","1","JAMBI","","","RSK_JBTLP00126","","WiCO 2.0 Enterprise","",""
"00:06:F6:16:C3:9C","FGL1652S7PQ","CISCO","RSK_1PBR000429/2PBR-PBRC0101-0700BI","UIR; Jl.Kaharuddin Nasution KM 11/113; Fakultas Teknik Lt. 2 Depan Kelas 319","1","RIDAR","PENDIDIKAN","UNIVERSITAS","RSK_1PBR000429","","BASIC","",""
"00:06:F6:16:C3:9E","FGL1652S7RH","CISCO","HLG_JKTMKR00034/2JKT-JTN0112-0795BI","Perum Perikanan;Jl. Tuna Raya No.1 Muara Baru;Gd_TPI Sisi Kiri","2","JAKARTA UTARA","","","HLG_JKTMKR00034","","BASIC","",""
"00:06:F6:16:C3:A0","FGL1704Z7N7","CISCO","DIS_MLSWJ00277/TLK-WI32521874-0001","R Tengah|WMS atmosphere /Dedy karuniawan|    MALANG KELURAHAN MADYOPURO Danau SE","5","MALANG","","","DIS_MLSWJ00277","DINAS PENDIDIKAN KOTA MALANGDINAS PENDIDIKAN KOTA MALANG","9:BASIC","-7.965504","112.659405"
"00:06:F6:16:C3:A1","FGL1652S7Q8","CISCO","PBRSYO00132-N/TLK-CI-115720","PERUM GRIYA IDAMAN ARENGKA06 PEKANBARU RIAU Indonesia","1","RIDAR","","","PBRSYO00132-N","WMS R.GUNTUR SURYA YUWANA","MS SIlver Consumer",".42490225007917","101.4115399651633"
"00:06:F6:16:C3:A2","FGL1652S7ND","CISCO","MDNDLT00060-N/TLK-CI-52242","KEDE BANG DARMEN|TALUN KENAS NO:8/PATUMBAK","1","MEDAN","","","MDNDLT00060-N","KEDE BANG DARMEN","MS SIlver Consumer","3.419085258435664","98.70736408465575"
"00:06:F6:16:C3:A3","FGL1652S7PL","CISCO","PBRPBR00426/TLK-WI967582-0001","RUANG MAKAN|WMS. PAK NDUT KOPITIAM (HENDRIK HARYANTO)|IMAM MUNANDAR(EX.HARAPAN R","1","RIDAR","","","PBRPBR00426","WMS. PAK NDUT KOPITIAM","MS SIlver Consumer","0.495438063999","101.491400822997"
"00:06:F6:16:C3:A5","FGL1652S7E2","CISCO","JKTJAG00452/TLK-WI32026748-0001","INDOOR|DESTI LESTARI|    JAKARTA SELATAN LENTENG AGUNG LENTENG AGUNG 100, 003/00","2","JAKARTA SELATAN","","","JKTJAG00452","DESTI LESTARI","WM_20M","-6.32621","106.83202"
"00:06:F6:16:C3:A6","FGL1652S7JC","CISCO","HLG_PBRARK00261/TLK-WI148800-0002","CAFE_LT2|WMS ABC CAFE (ARI BOY HAROEN)|GARUDA PANAM KEL DELIMA PEKANBARU RIAU KO","1","RIDAR","","","HLG_PBRARK00261","","BASIC","",""
"00:06:F6:16:C3:A7","FGL1652S7DZ","CISCO","HLG_4MG004674/4MG-YK0105-0023BI","Smk N 3 Magelang; Jl Piere Tendean no 1 Magelang; Hotel","4","MAGELANG","","","HLG_4MG004674","","BASIC","",""
"00:06:F6:16:C3:A8","FGL1652S7Q6","CISCO","PBRARK00202-N/TLK-CI-45744","KESADARAN GG. WAKAF00 PEKANBARU RIAU","1","RIDAR","","","PBRARK00202-N","wms said murtazak","MS SIlver Consumer",".534981987949015","101.4179858306885"
"00:06:F6:16:C3:AC","FGL1652S7Z7","CISCO","RSK_1PBR000303/2PBR-PBRC0101-0224BI","Hotel The Premiere; Jl. Jend. Sudirman 389; Lt.3 Meeting Room Mulia 5","1","RIDAR","","","RSK_1PBR000303","","BASIC","",""
"00:06:F6:16:C3:AD","FGL1652S7E7","CISCO","HLG_2JKT009945/2JKT-JTN0112-0194BI","SMK Budimulya 2 St Agustinus; Jalan Cipinang Kebembem I No 25; Depan Ruang TU","2","JAKARTA TIMUR","","","HLG_2JKT009945","","BASIC","",""
"00:06:F6:16:C3:AF","FGL1652S7JD","CISCO","RSK_JKTJT200995/TLK-WI32414169-0001","didalam ruangan|ABENG HINDRAWAN TANIAGO| JAKARTA TIMUR BIDARA CINA (Kec.Jatinegara)","2","JAKARTA TIMUR","","","RSK_JKTJT200995","","MS SIlver Consumer","",""
"00:06:F6:16:C3:B3","FGL1652S7P5","CISCO","PBRPBB00790-N/TLK-CI-128511","WMS RIKO MAYYUDI SAPUTRA BINTARA18 PEKANBARU RIAU","1","RIDAR","","","PBRPBB00790-N","WMS RIKO MAYYUDI SAPUTRA","MS SIlver Consumer",".5224","101.42567"
"00:06:F6:16:C3:BB","FGL1652S7NT","CISCO","PBRPBR00398/TLK-WI893465-0001","null|Plaza Senapelan; Jl. Teuku Umar Pekanbaru; Lt 2 Dpn Cafe Station","1","RIDAR","","","PBRPBR00398","PLAZA SENAPELAN RIAU","WiCO 2.0 Enterprise","0.532591904631","101.448174975811"
"00:06:F6:16:C3:BE","FGL1652S7P0","CISCO","RSK_1PBR000430/2PBR-PBRC0101-0675BI","UIR Pasca Sarjana; Jl. Kaharuddin Nasution KM 11/113; Lt.1 Dekat Ruangan 102","1","RIDAR","","","RSK_1PBR000430","","BASIC","",""
"00:06:F6:16:C3:C2","FGL1652S7NM","CISCO","HLG_1PBR005512/2PBR-PBRC0103-6289AI","SMP Az-Zuhra; Jl. Ketitiran Panam ; Koridor Depan","1","RIDAR","","","HLG_1PBR005512","","BASIC","",""
"00:06:F6:16:C3:C4","FGL1652S7Q1","CISCO","PBRPBR01230/TLK-WI32537035-0001","Indonesia Riau PEKANBARU RIAU KEL TANJUNG RHU TANJUNG DATUK 00 34596","1","RIDAR","","","PBRPBR01230","WMS kantor pos tj datuk","WM_20M",".55038","101.46067"
"00:06:F6:16:C3:C5","FGL1652S7Z4","CISCO","RSK_PBRARK00282/TLK-WI195779-0003","TAMAN DIGITAL|FAKULTAS ILMU SOSIAL DAN POLITIK|BINA WIDYA KAMPUS UNRI KEL SIMPAN","1","RIDAR","","","RSK_PBRARK00282","","WiCO 2.0 Enterprise","",""
"00:06:F6:16:C3:C8","FGL1652S7NZ","CISCO","DUMDRI00003-N/TLK-CI-79154","JL JEND SUDIRMAN BENGKALIS","1","RIDAR","Pusat Keramaian","Restoran","DUMDRI00003-N","SRIBOGA GROUP","MS SILVER","1.27306","101.19956"
"00:06:F6:16:C3:CE","FGL1652S72N","CISCO","DIS_AP0006.f616.c3ce","default location","X","","","","","","BASIC","",""
"00:06:F6:16:C3:D0","FGL1704S4EA","CISCO","TSMTSM00709/TLK-WI160369-0001","RG. TENGAH|WMS TOKO IBU DODOH TASIKMALAYA|TAMANSARI GOBRAS 11 KECAMATAN TAMANSAR","3","TASIKMALAYA","","","TSMTSM00709","WMS TOKO IBU DODOH TASIKMALAYA","MS SIlver Consumer","-7.367201809459","108.229590654373"
"00:06:F6:16:C3:D2","FGL1704S4EU","CISCO","HLG_2BKS018739/2BKS-JTN0121-0191BI","SD Negeri Pengasinan IX Bekasi; Jl. Anyelir Timur I1; R.Kepsek","2","JABAR BARAT UTARA (BEKASI)","","","HLG_2BKS018739","","BASIC","",""
"00:06:F6:16:C3:D3","FGL1652S7K2","CISCO","HLG_JKTTB10058/2JKT-JTN0112-0779BI","Grapari Kota Kasablanka","2","JAKARTA SELATAN","","","HLG_JKTTB10058","","BASIC","",""
"00:06:F6:16:C3:D4","FGL1652S7K5","CISCO","HLG_1PBR000357/2PBR-PBRC0101-0052BI","Kantor Gubernur; Jl. Sudirman; Setda Biro Ekbang Lt. Depan Musholla","1","RIDAR","","","HLG_1PBR000357","","BASIC","",""
"00:06:F6:16:C3:D5","FGL1652S7K7","CISCO","PBRARK00264/TLK-WI154444-0002","TELKOM DIVISI CONSUMER SERVICE|SUKARNO HATTA KM 6,5 KEL TANGKERANG BARAT PEKANBA","1","RIDAR","","","PBRARK00264","WICO FAKULTAS KEDOKTERAN UNAND","WiCO 2.0 Enterprise","0.482329244681","101.420266628265"
"00:06:F6:16:C3:D6","FGL1704S48J","CISCO","TANSRP00037-N/TLK-CI-32131","DONA YULIANTO|Ds. RAWA KALONGRUKO PERMATA HILL KABUPATEN BOGOR Indonesia   GUNUNG SINDUR A/10","2","BANTEN TIMUR (TANGERANG)","Pusat Keramaian","Bandara","TANSRP00037-N","DONA YULIANTO","MS SILVER","-6.37406","106.70558"
"00:06:F6:16:C3:D7","FGL1704S4EB","CISCO","DIS_3BD003318/3BD-LBG0106-6685BI","SEKOLAH MA MUHAMMADIYAH 2 BANDUNG; JL.RAYA CILEMBER Gg.BUNISUGIH; R.GURU","3","BANDUNGBRT","","","DIS_3BD003318","","BASIC","",""
"00:06:F6:16:C3:D8","FGL1704S4ET","CISCO","JKTJAG00446-N/TLK-CI-85767","INSTITUT SAINS DAN TEKNOLOGI NASIONAL|MOH KAHFI 2  JAGAKARSA JAKARTA SELATAN KOD","2","JAKARTA SELATAN","","","JKTJAG00446-N","INSTITUT SAINS DAN TEKNOLOGI NASIONAL","MS SIlver Consumer","-6.35513290319145","106.812117345095"
"00:06:F6:16:C3:D9","FGL1704S4EQ","CISCO","BNADAR00159/TLK-WI599296-0005","Hotel HERMES_Rg_Serambi(Ex SDN 21 BNA )","1","ACEH","","","BNADAR00159","PERKEBUNAN NUSANTARA I PT","","",""
"00:06:F6:16:C3:DA","FGL1704S4BR","CISCO","DIS_JKTGBC00081-N/TLK-CI-11662","UPI YAI / MIGRASI (RUANG PIMPINAN) JLN SALEMBA RAYA NO.7 KENARI (KAMPUS STIE YAI) JAKARTA PUSAT","2","JAKARTA PUSAT","Pusat Keramaian","Bandara","DIS_JKTGBC00081-N","UPI YAI","MS SIlver Consumer","0","0"
"00:06:F6:16:C3:DB","FGL1704S4EG","CISCO","HLG_PMSPMS00342/TLK-WI017291-0001","PMSPMS00342|MERI MASNI WARITA SARAGIH|BESAR LINTAS PPT DS TIGA BALATA PEMATANG S","1","SUMUT","","","HLG_PMSPMS00342","","WiCO 2.0 Enterprise","",""
"00:06:F6:16:C3:DC","FGL1704S4D9","CISCO","HLG_2JKP023870/indiSho-03_Percetakan","Indiso_ Percetakan Negara; Jl. Percetakan Negara depan YanKes","2","JAKARTA PUSAT","","","HLG_2JKP023870","","BASIC","",""
"00:06:F6:16:C3:DD","FGL1704S4DJ","CISCO","PDULK00034-N/TLK-CI-19532","PARUPUK5 PADANG SUMBAR Indonesia","1","SUMBAR","Pusat Keramaian","Bandara","PDULK00034-N","WMS ZIKO VIKI DOARA","MS SIlver Consumer","-.8861211806251","100.3437152965686"
"00:06:F6:16:C3:DE","FGL1704S4BV","CISCO","OST_4YK006530/00:06:f6:16:c3:de","KD Tambak Bayan YK;Tambakbayan Caturtunggal Sleman;Rumah Bp Sutantyo/Bp Felix","4","YOGYAKARTA","","","OST_4YK006530","","BASIC","",""
"00:06:F6:16:C3:DF","FGL1704S4CH","CISCO","YKPGR00405/TLK-WI464479-0001","DEKAT POS SATPAM KANTOR TELKOM PUGERAN JL.LETJEND MT HARYONO NO.21 SURYADININGRATAN MANTRIJERON DIY,-,YOGYAKARTA,POST CODE : 99999,481","4","YOGYAKARTA","KANTOR","KANTOR","YKPGR00405","WICO STO PUGERAN","BASIC WIFI CORNER","-7.81384","110.36055"
"00:06:F6:16:C3:E0","FGL1704Z7JW","CISCO","SDASPJ00079-N/TLK-CI-90833","WMS - KOPI SEMERU / ACHMAD SUYANTO | SAMBIROTORT16RW03 SIDOARJO Indonesia","5","SIDOARJO","","","SDASPJ00079-N","WMS - KOPI SEMERU / ACHMAD SUYANTO","MS SIlver Consumer","-7.37310214291985","112.6666488478222"
"00:06:F6:16:C3:E1","FGL1704Z7HY","CISCO","HLG_SDASDA-00033/KBL0105-minimakret","Delta Fishing Jl. Lingkar Timur, Desa Prasung, Kec. Buduran, Prasung, Kec. Sidoarjo, Jawa Timur, 61252","5","SIDOARJO","","","HLG_SDASDA-00033","","BASIC","",""
"00:06:F6:16:C3:E2","FGL1704S4DP","CISCO","CBNCKY00083-N/TLK-CI-41881","LILIS SOLEHA PENYUKEN1 KOTA CIREBON Indonesia","3","CIREBON","","","CBNCKY00083-N","LILIS SOLEHA","MS SIlver Consumer","-6.74735","108.53658"
"00:06:F6:16:C3:E3","FGL1704S4CG","CISCO","HLG_1PD004849/2PBR-PBRC0102-0968BI","SMA PGRI 1 PADANG; Jl. Sudirman No.1A; KELAS LOKAL 5 LT2","1","SUMBAR","","","HLG_1PD004849","","BASIC","",""
"00:06:F6:16:C3:E4","FGL1704S4CK","CISCO","DIS_BWEBWE00025-N/AB00:06:f6:16:c3:e4","WMS CHICKEN FIGHTER | NGIMBUN5D KAB SEMARANG Indonesia","4","SEMARANG","Pusat Keramaian","Bandara","DIS_BWEBWE00025-N","WMS CHICKEN FIGHTER","MS SIlver Consumer","-7.18355371056333","110.4294123114115"
"00:06:F6:16:C3:E5","FGL1704S4E7","CISCO","RSK_2BKS019259/2BKS-JTN0121-0317BI","SMP Taman Siswa Bekasi;Jl.Selekta Raya No 2;R.Guru","2","JABAR BARAT UTARA (BEKASI)","","","RSK_2BKS019259","","BASIC","",""
"00:06:F6:16:C3:E6","FGL1704Z7LS","CISCO","RSK_3BD001542/3BD-LBG0106-5832BI","SEKOLAH SMPN 9 BANDUNG; JL.SEMAR NO.5 KEC.CICENDO; R.TU","3","BANDUNGBRT","","","RSK_3BD001542","","BASIC","",""
"00:06:F6:16:C3:E7","FGL1652S7FP","CISCO","SBDMO00832/TLK-WI32203677-0001","KAMAR L.2|HOTSPOT HOMESTAY FADDAL (FADDAL ABDUL RAHMAN)|    SURABAYA PAKIS PAKIS 1 No. 49 60256 | ap pengganti","5","SURABAYA SELATAN","","","SBDMO00832","HOTSPOT HOMESTAY FADDAL (FADDAL ABDUL RAHMAN)","WM_20M","-7.282","112.73688"
"00:06:F6:16:C3:E8","FGL1652S7FW","CISCO","JKTCIL00124/TLK-WI070258-0001","COUNTER/KONVEKSI JAKET AUFARIS|TIPAR CAKUNG GG PELAJAR 14 SUKAPURA JAKARTA UTARA","2","JAKARTA UTARA","","","JKTCIL00124","COUNTER/KONVEKSI JAKET AUFARIS","WiCO 2.0 Enterprise","-6.119049113992","106.918516159057"
"00:06:F6:16:C3:E9","FGL1652S7GJ","CISCO","JKTJAG00037/2JKT-JTN0112-0100BI","Mitra Motor; Kukusan; Jagakarsa; Lt. 1","2","JAKARTA SELATAN","INDUSTRI","UKM","JKTJAG00037","(MS) AHHAS Kukusan Depok","4:HALF_SUBS","-6.2689913","106.806038"
"00:06:F6:16:C3:EC","FGL1652S7AU","CISCO","BDLBG00050-N/TLK-CI-13735","MALL PASAR BARU TRADE CENTER | OTTO ISKANDAR DINATA70 KOTA BANDUNG Indonesia","3","BANDUNG","","","BDLBG00050-N","","","",""
"00:06:F6:16:C3:F1","FGL1652S7BJ","CISCO","SISKB00422-N/TLK-CI-96591","PERAWATI| KABUPATEN SUKABUMI Kecamatan KADUDAMPIT AREA Kampung CITAMIANG DS CITAMIANG|RUANG TENGAH","3","SUKABUMI","","","SISKB00422-N","PERAWATI","MS Gold Consumer","-6.86748434982572","106.895707881825"
"00:06:F6:16:C3:F2","FGL1704Z7W7","CISCO","HLG_1MDN0SMKT/1MDN-MDC0104-0718BI","SMK Tunas Pelita; Binjai; Kantin","1","MEDAN","","","HLG_1MDN0SMKT","","BASIC","",""
"00:06:F6:16:C3:F8","FGL1652S78G","CISCO","JKTPGG00323-N/TLK-CI-75857","Ruang Tamu | JL BULAK INDAHCAKUNG TIMUR JAKARTA TIMUR Indonesia  RT007/005 CAKUNG NO 07","2","JAKARTA TIMUR","Pusat Keramaian","Bandara","JKTPGG00323-N","TOKO MUCHLIS","MS SILVER","-6.17738","106.95105"
"00:06:F6:16:C3:FA","FGL1704S4A6","CISCO","RSK_YKKBU00624/","RUANG BGES STO KTB Jl. Yos Sudarso No.9, Kotabaru, Gondokusuman,-,YOGYAKARTA,POST CODE : 55243,481","4","YOGYAKARTA","KANTOR","KANTOR","RSK_YKKBU00624","wms rumah samara / tri wahyuni","MS SIlver Consumer","-7.76151427839366","110.3832409914016"
"00:06:F6:16:C3:FC","FGL1704S4AX","CISCO","DIS_3BD006483/3BD-LBG0105-6416BI","SEKOLAH SMPN 2 BATUJAJAR BDG; JL. PANGAUBAN NO 184/A BATUJAJAR; RUANG TU","3","BANDUNG","","","DIS_3BD006483","","BASIC","",""
"00:06:F6:16:C3:FD","FGL1652S7GU","CISCO","BKSBEK00644-N/TLK-CI-42605","FARIDA ARIANI  | PERMATA GRIYA SATRIAG/61 17510","2","JABAR BARAT UTARA (BEKASI)","","","BKSBEK00644-N","FARIDA ARIANI","MS SIlver Consumer","0","0"
"00:06:F6:16:C3:FE","FGL1652S70W","CISCO","RSK_BKSPKY00311-N/TLK-CI-75065","PEMKOT BEKASI||Lapangan Olahraga RW 14","2","JABAR BARAT UTARA (BEKASI)","Pusat Keramaian","Bandara","RSK_BKSPKY00311-N","PEMKOT BEKASI","MS Standard Silver","-6.266227","107.009679"
"00:06:F6:16:C4:01","FGL1704S4A4","CISCO","3BD006219/3BD-LBG0201-6336BI","HOTEL  CORSICA BANDUNG; JL. SUPRATMAN NO. 43 A; R. MAKAN","3","BANDUNG","RESIDENSIAL","HOTEL","3BD006219","HOTEL CORSICA BANDUNG","","-6.9045815","107.6280989"
"00:06:F6:16:C4:02","FGL1704S4AQ","CISCO","JKTCPP00058-N/TLK-CI-9076","ABDURRAFI MUHADZDZIB | KALI BARU TIMUR 6NO.25 JAKARTA PUSAT. Indonesia","2","JAKARTA PUSAT","Pusat Keramaian","Bandara","JKTCPP00058-N","ABDURRAFI MUHADZDZIB","MS SIlver Consumer","-6.16809033744764","106.8501643888855"
"00:06:F6:16:C4:03","FGL1704S4C8","CISCO","3BD002121/TLK-WI877793-0002","RS IMMANUEL 161 40232 KOPO BABAKAN ASIH KODE POS :  ","3","BANDUNG","INSTITUSI","RUMAH SAKIT","3BD002121","RUMAH SAKIT IMMANUEL","WB_100M","-6.93457","107.59614"
"00:06:F6:16:C4:04","FGL1704S4B8","CISCO","HLG_BDLKDT00790/TLK-WI31920377-0001","KOST SILAMPARI|JULIAN SYAFUTRA|BANDARLAMPUNG KEL KEDATON SUKARNO HATTA SAWAH","1","LAMPUNG","","","HLG_BDLKDT00790","","MS SIlver Consumer","",""
"00:06:F6:16:C4:05","FGL1704Z7ZL","CISCO","JKTGAN00609-N/TLK-CI-68836","R tamu|SARAH HASAN|JL. NURUL HIKMAH 147a DEPOK Indonesia","2","JAKARTA TIMUR","","","JKTGAN00609-N","SARAH HASAN","MS SIlver Consumer","-6.37096098426579","106.8467714607686"
"00:06:F6:16:C4:06","FGL1704S4BS","CISCO","RSK_JKTGBC00590-N/TLK-CI-92300","RINA ARI ASTUTI | CIKINI KRAMAT. JAKARTA PUSAT. Indonesia | WIFI.ID | 121661004409 | RINA ARI ASTUTI Jl.cikini kramat rt 04/01 kel.pegangsaan","2","JAKARTA PUSAT","","","RSK_JKTGBC00590-N","RINA ARI ASTUTI","MS SIlver Consumer","-6.19646307290198","106.8416780418029"
"00:06:F6:16:C4:07","FGL1704S4EL","CISCO","TEMPORER_ATMA_ASTA_AP1","TEMPORER_ATMA_ASTA_AP1","X","","","","","","BASIC","",""
"00:06:F6:16:C4:08","FGL1704S4EV","CISCO","RSK_BKSCBG00007-N/TLK-CI-7173","HOUSING DAMAN HURI|Ruang Customer|KAMP CABANGRT09/03 KABUPATEN BEKASI Indonesia","2","JABAR BARAT UTARA (BEKASI)","Pusat Keramaian","Bandara","RSK_BKSCBG00007-N","","BASIC","",""
"00:06:F6:16:C4:09","FGL1704Z7HR","CISCO","DIS_SMDSMD00353-N/TLK-CI-48363","TERAS | TUNADI, S.PD WMS; SUMEDANG, Kec SUMEDANG UTARA, Ds JATIMULYA, CIBIRU, RT/RW 04/07","3","BANDUNG","","","DIS_SMDSMD00353-N","TUNADI, S.PD WMS","MS SIlver Consumer","-6.812552","107.914125"
"00:06:F6:16:C4:0B","FGL1704S49X","CISCO","JKTCPP00829-N/TLK-CI-78100","Ruang tengah | PIKA KARTIKA DEWI | PRAMUKA SARI 3NO.24 JAKARTA PUSAT. Indonesia","2","JAKARTA PUSAT","","","JKTCPP00829-N","PIKA KARTIKA DEWI","MS SIlver Consumer","-6.19045196043802","106.8678203116394"
"00:06:F6:16:C4:0C","FGL1704S4A1","CISCO","HLG_JKTCPP00137-N/TLK-CI-13720","HARDIKA | UTAN PANJANG 3NO.12 JAKARTA PUSAT. Indonesia","2","JAKARTA PUSAT","Pusat Keramaian","Bandara","HLG_JKTCPP00137-N","HARDIKA","MS SIlver Consumer","-6.16932250066321","106.8534872999999"
"00:06:F6:16:C4:0E","FGL1704S4DL","CISCO","CBNAWN00482-N/TLK-CI-126508","ARIPA Desa BUYUT1 KABUPATEN CIREBON Indonesia","3","CIREBON","","","CBNAWN00482-N","ARIPA","MS SIlver Consumer","-6.65748","108.50517"
"00:06:F6:16:C4:0F","FGL1704S4BE","CISCO","PMPME00246-N/TLK-CI-117011","REPUBLIC OF GAMERS MADURA TENGAH SUMEDANGAN DSN PADEMAWU JAWA TIMUR 69381(AP PENGGANTI)","5","MADURA","","","PMPME00246-N","CAFE LUKMAN EFFENDI","MS Standard Silver","-7.18569","113.50306"
"00:06:F6:16:C4:10","FGL1704S4A7","CISCO","BOOBOO00745/TLK-WI31781305-0001","PERUM PEGADAIAN || RAYA TAJUR Jl. Raya Tajur BOGOR JAWA BARAT Indonesia 16141 PEGADAIAN 12538 - UPC Tajur","2","JABAR BARAT (BOGOR)","","","BOOBOO00745","PERUM PEGADAIAN","MS Standard Gold","-6.64155","106.83628"
"00:06:F6:16:C4:12","FGL1652S7BP","CISCO","HLG_5SB015544/5SB-KBL0201-0009BI","SMP Pancasila, JL.Kalibutuh 223 Surabaya, Dp_Kls.2 Lt_2","5","SURABAYA SELATAN","","","HLG_5SB015544","","BASIC","",""
"00:06:F6:16:C4:21","FGL1652S71X","CISCO","RSK_2JKT008255/2JKT-JTN0112-0154BI","SDN Jati Padang 06 Pagi;Jl. Ragunan Raya Jati Padang 012/02;R Guru","2","JAKARTA SELATAN","","","RSK_2JKT008255","","BASIC","",""
"00:06:F6:16:C4:24","FGL1652S781","CISCO","JKTKRG01027-N/TLK-CI-47518","R tamu | BANGUN SARWONO | KRANGGAN WETAN| PONDOK GEDE Indonesia 20.RMH ADAT OLOT GUCONG  JATIRANGGA RW 001","2","JAKARTA TIMUR","Pusat Keramaian","Bandara","JKTKRG01027-N","PEMKOT BEKASI","MS SILVER","-6.22079","106.87398"
"00:06:F6:16:C4:33","FGL1652S7GA","CISCO","WSWOS00348/TLK-WI32391554-0001","R. Utama|WMS GEONG CITY|    WONOSOBO SERANG KEJAJAR GATAK SARI RT 06/01 56354","4","MAGELANG","","","WSWOS00348","WMS GEONG CITY","WM_20M","-7.24591","109.95224"
"00:06:F6:16:C4:34","FGL1704S4CE","CISCO","JKTCID00167-N/TLK-CI-40572","HANA WIDYALOKA KRAMAT JLN II NO.11 RT006/009 TANAH SEREAL TAMBORA","2","JAKARTA PUSAT","","","JKTCID00167-N","HANA WIDYALOKA","MS SIlver Consumer","-6.1535526382803","106.8080480306885"
"00:06:F6:16:C4:39","FGL1652S7B9","CISCO","AP0006.f616.c439","default location","2","BANTEN TIMUR (TANGERANG)","","","","","BASIC","",""
"00:06:F6:16:C4:41","FGL1652S6WK","CISCO","DIS_BTJBTJ-00002/01-15BI-Lobby","PUSDIKPASSUS BATUJAJAR; JL. R. BATUJAJAR; LOBBY","3","BANDUNGBRT","","","DIS_BTJBTJ-00002","","BASIC","",""
"00:06:F6:16:C4:58","FGL1704Z7HM","CISCO","SLOGLD00102-N/TLK-CI-52616","di ruang keluarga | WMS HASAN | BATURONO00 SURAKARTA Indonesia","4","SOLO","","","SLOGLD00102-N","WMS HASAN","MS SIlver Consumer","-7.58455383495689","110.8304686489479"
"00:06:F6:16:C4:59","FGL1704S4BW","CISCO","HLG_5NDA019935/5NDA-KLM0104-602BI","VillaResort&SpaNusaDuaRetreatBoutiqe;Jl.MelastiIINo.88;Lt.1;DpnKamar104","5","DENPASAR","RESIDENSIAL","HOTEL","HLG_5NDA019935","","BASIC","",""
"00:06:F6:16:C4:5A","FGL1706S6H2","CISCO","TSMSPA00035-N/TLK-CI-13209","WMS KONTER HP GADANG ADE GUNTUR | SUKARINDIK01 KOTA TASIKMALAYA Indonesia","3","TASIKMALAYA","Pusat Keramaian","Bandara","TSMSPA00035-N","WMS KONTER HP GADANG ADE GUNTUR","MS SIlver Consumer","-7.30096658628078","108.1841538562368"
"00:06:F6:16:C4:64","FGL1704Z7J5","CISCO","SASLI00100-N/TLK-CI-71959","KAMAR | WMS BIYYUNET ID | Lopait Rt 08 Rw 01 , desa lopaid tuntang salatiga","4","SEMARANG","","","SASLI00100-N","WMS BIYYUNET ID","MS SIlver Consumer","-7.28942815824402","110.4650945918183"
